"Timestamp","Sex","How old are you? ","What is your current undergraduate level?","What is your CWA?","Housing Condition","How many roommates(s) do you currently live with?","Did you choose to room with your roommate(s) because you were friends, or did you end up with roommates you didn't know?","How would you describe your relationship with your current roommate(s)? ","How long have you known your current roommate(s)?","How often do you and your roommate(s) argue","How would you describe the difficulty in conflict resolution between you and your roommate(s)","How often do you find it difficult to concentrate on your studies after an argument between you and your roommate(s) ","How often do your roommates engage in activities that distract you from studying?","To what extent do you feel supported by your roommates in terms of academic challenges?","Have you experienced any significant changes in your academic performance/study habits since moving in with your current roommate(s)? ","Are these significant changes positive or negative(decrease in academic performance) ","How satisfied are you with your current living arrangement?","Is there anything else you would like to add about how your college-roommate relationship has affected your academic performance?

"
"2024/07/12 11:35:25 AM GMT","Male","20 - 23","Third Year","70 - 100","Off - Campus","1","We weren't friends","Good","3 semesters","Sometimes","Very easy","Sometimes","Very often","Supported","Yes","Positive (improved academic performance/study habit)","Satisfied",""
"2024/07/12 11:35:38 AM GMT","Female","20 - 23","Third Year","60 - 69","Off - Campus","1","We weren't friends","Neutral","2 semesters","Rarely","Neutral","Rarely","Sometimes","Unsupported","No","Does not apply (No changes)","Dissatisfied",""
"2024/07/12 11:41:49 AM GMT","Male","20 - 23","Third Year","60 - 69","Off - Campus","3","We were friends","Very good","More than 3 semesters","Rarely","Very easy","Sometimes","Very often","Unsupported","Yes","Does not apply (No changes)","Satisfied",""
"2024/07/12 11:43:18 AM GMT","Male","20 - 23","Third Year","60 - 69","Off - Campus","1","We weren't friends","Very good","1 semester","Never","Easy","Never","Sometimes","Neutral","Yes","Positive (improved academic performance/study habit)","Very satisfied",""
"2024/07/12 11:44:04 AM GMT","Female","20 - 23","Third Year","70 - 100","Off - Campus","1","We were friends","Very good","More than 3 semesters","Rarely","Very easy","Sometimes","Rarely","Supported","Yes","Positive (improved academic performance/study habit)","Very satisfied","It has not affected me "
"2024/07/12 11:44:56 AM GMT","Male","20 - 23","Fourth Year","60 - 69","Off - Campus",">3","We weren't friends","Very good","1 semester","Often","Very easy","Rarely","Never","Supported","Yes","Positive (improved academic performance/study habit)","Very satisfied","They are comedians "
"2024/07/12 11:49:20 AM GMT","Female","20 - 23","Third Year","50 - 59","Off - Campus","3","We weren't friends","Very good","1 semester","Never","Very easy","Never","Rarely","Neutral","No","Positive (improved academic performance/study habit)","Satisfied","They impact not only academic knowledge to my knowledge. "
"2024/07/12 11:49:36 AM GMT","Male","20 - 23","Fourth Year","70 - 100","Off - Campus",">3","We weren't friends","Neutral","3 semesters","Sometimes","Very easy","Sometimes","Often","Unsupported","Yes","Negative(worsen academic performance/study habit)","Dissatisfied",""
"2024/07/12 11:50:04 AM GMT","Male","20 - 23","Third Year","70 - 100","Off - Campus","1","We were friends","Good","More than 3 semesters","Rarely","Easy","Never","Rarely","Neutral","Yes","Does not apply (No changes)","Neutral",""
"2024/07/12 11:55:28 AM GMT","Female","20 - 23","Third Year","60 - 69","On - Campus","3","We weren't friends","Good","1 semester","Rarely","Easy","Rarely","Never","Supported","Yes","Positive (improved academic performance/study habit)","Very satisfied",""
"2024/07/12 12:05:45 PM GMT","Male","24 - 27","Third Year","60 - 69","Off - Campus","2","We were friends","Very good","More than 3 semesters","Rarely","Easy","Rarely","Rarely","Neutral","Yes","Positive (improved academic performance/study habit)","Satisfied",""
"2024/07/12 12:06:54 PM GMT","Male","24 - 27","Third Year","60 - 69","Off - Campus","2","We were friends","Neutral","2 semesters","Sometimes","Neutral","Never","Never","Supported","No","Positive (improved academic performance/study habit)","Satisfied",""
"2024/07/12 12:07:56 PM GMT","Male","20 - 23","Third Year","60 - 69","Off - Campus","1","We were friends","Very good","More than 3 semesters","Sometimes","Very easy","Sometimes","Sometimes","Supported","Yes","Positive (improved academic performance/study habit)","Satisfied","No"
"2024/07/12 12:08:22 PM GMT","Female","24 - 27","Fourth Year","70 - 100","Off - Campus","2","We weren't friends","Good","3 semesters","Rarely","Neutral","Rarely","Sometimes","Very supported","Yes","Positive (improved academic performance/study habit)","Very satisfied","Although  peers can affect the direction of one's life ,its also dependent on the individual to focus on his/her goals "
"2024/07/12 12:08:29 PM GMT","Female","20 - 23","Third Year","60 - 69","Off - Campus","1","We were friends","Very good","More than 3 semesters","Never","Very easy","Never","Sometimes","Supported","Yes","Does not apply (No changes)","Satisfied",""
"2024/07/12 12:09:13 PM GMT","Female","20 - 23","Third Year","60 - 69","Off - Campus","2","We were friends","Very good","More than 3 semesters","Never","Very easy","Never","Sometimes","Very unsupported","Yes","Positive (improved academic performance/study habit)","Very satisfied",""
"2024/07/12 12:09:49 PM GMT","Female","16 - 19","Second Year","60 - 69","Off - Campus","1","We were friends","Neutral","3 semesters","Sometimes","Easy","Never","Rarely","Neutral","Yes","Positive (improved academic performance/study habit)","Neutral","Not really."
"2024/07/12 12:10:49 PM GMT","Male","20 - 23","Third Year","0 - 49","Off - Campus","1","We were friends","Good","More than 3 semesters","Rarely","Easy","Never","Never","Very supported","Yes","Positive (improved academic performance/study habit)","Very satisfied","No"
"2024/07/12 12:11:10 PM GMT","Female","20 - 23","Fourth Year","60 - 69","On - Campus","3","We were friends","Good","1 semester","Sometimes","Neutral","Sometimes","Sometimes","Neutral","No","Negative(worsen academic performance/study habit)","Neutral",""
"2024/07/12 12:11:31 PM GMT","Female","20 - 23","First Year","60 - 69","On - Campus","3","We weren't friends","Very good","2 semesters","Sometimes","Easy","Never","Rarely","Supported","Yes","Positive (improved academic performance/study habit)","Very dissatisfied","Nothing "
"2024/07/12 12:11:31 PM GMT","Female","20 - 23","Third Year","60 - 69","On - Campus","3","We weren't friends","Good","1 semester","Rarely","Neutral","Never","Sometimes","Very unsupported","No","Negative(worsen academic performance/study habit)","Dissatisfied",""
"2024/07/12 12:11:36 PM GMT","Female","16 - 19","First Year","60 - 69","Off - Campus","2","We were friends","Neutral","2 semesters","Never","Neutral","Never","Sometimes","Neutral","No","Does not apply (No changes)","Satisfied",""
"2024/07/12 12:13:01 PM GMT","Male","20 - 23","Third Year","70 - 100","Off - Campus","2","We were friends","Good","3 semesters","Rarely","Easy","Rarely","Never","Neutral","No","Negative(worsen academic performance/study habit)","Neutral",""
"2024/07/12 12:14:05 PM GMT","Male","20 - 23","Third Year","60 - 69","On - Campus",">3","We weren't friends","Neutral","2 semesters","Sometimes","Easy","Never","Never","Neutral","No","Does not apply (No changes)","Neutral",""
"2024/07/12 12:14:23 PM GMT","Male","20 - 23","Third Year","70 - 100","Off - Campus","1","We were friends","Good","More than 3 semesters","Rarely","Very easy","Never","Sometimes","Neutral","No","Does not apply (No changes)","Neutral",""
"2024/07/12 12:16:41 PM GMT","Male","20 - 23","Third Year","60 - 69","Off - Campus",">3","We were friends","Very good","More than 3 semesters","Often","Easy","Never","Very often","Very supported","Yes","Positive (improved academic performance/study habit)","Neutral",""
"2024/07/12 12:16:43 PM GMT","Male","24 - 27","Third Year","50 - 59","On - Campus","3","We weren't friends","Neutral","2 semesters","Sometimes","Difficult","Sometimes","Often","Unsupported","Yes","Negative(worsen academic performance/study habit)","Neutral",""
"2024/07/12 12:19:22 PM GMT","Male","20 - 23","Third Year","50 - 59","Off - Campus","3","We were friends","Very good","More than 3 semesters","Rarely","Easy","Rarely","Never","Neutral","No","Positive (improved academic performance/study habit)","Neutral",""
"2024/07/12 12:19:27 PM GMT","Male","20 - 23","Second Year","70 - 100","Off - Campus","3","We weren't friends","Neutral","2 semesters","Rarely","Neutral","Often","Often","Neutral","Yes","Positive (improved academic performance/study habit)","Neutral","Nothing much"
"2024/07/12 12:20:40 PM GMT","Female","24 - 27","Fourth Year","70 - 100","Off - Campus","1","We weren't friends","Very good","2 semesters","Never","Very easy","Never","Rarely","Neutral","No","Positive (improved academic performance/study habit)","Very satisfied","No there’s nothing "
"2024/07/12 12:21:40 PM GMT","Male","20 - 23","First Year","60 - 69","On - Campus",">3","We were friends","Good","More than 3 semesters","Sometimes","Easy","Rarely","Sometimes","Neutral","No","Does not apply (No changes)","Neutral",""
"2024/07/12 12:23:52 PM GMT","Male","20 - 23","Third Year","60 - 69","Off - Campus","3","We weren't friends","Neutral","2 semesters","Sometimes","Neutral","Sometimes","Sometimes","Neutral","No","Positive (improved academic performance/study habit)","Satisfied",""
"2024/07/12 12:24:50 PM GMT","Male","20 - 23","Third Year","60 - 69","Off - Campus","1","We were friends","Good","More than 3 semesters","Rarely","Difficult","Never","Very often","Neutral","Yes","Positive (improved academic performance/study habit)","Neutral",""
"2024/07/12 12:25:53 PM GMT","Male","20 - 23","Second Year","60 - 69","Off - Campus","2","We were friends","Very good","More than 3 semesters","Rarely","Easy","Never","Rarely","Supported","Yes","Positive (improved academic performance/study habit)","Very satisfied",""
"2024/07/12 12:27:37 PM GMT","Male","20 - 23","First Year","70 - 100","Off - Campus","2","We were friends","Good","2 semesters","Rarely","Easy","Sometimes","Very often","Unsupported","Yes","Negative(worsen academic performance/study habit)","Very dissatisfied","Naa"
"2024/07/12 12:27:44 PM GMT","Male","16 - 19","Second Year","0 - 49","On - Campus","3","We weren't friends","Neutral","2 semesters","Sometimes","Very easy","Never","Never","Very unsupported","Yes","Does not apply (No changes)","Neutral","They are annoying "
"2024/07/12 12:29:07 PM GMT","Male","20 - 23","Third Year","60 - 69","Off - Campus","3","We were friends","Very good","More than 3 semesters","Rarely","Easy","Rarely","Rarely","Supported","Yes","Positive (improved academic performance/study habit)","Satisfied",""
"2024/07/12 12:35:00 PM GMT","Female","24 - 27","Third Year","60 - 69","Off - Campus","1","We weren't friends","Very poor","2 semesters","Often","Difficult","Sometimes","Rarely","Unsupported","Yes","Positive (improved academic performance/study habit)","Dissatisfied","Not really "
"2024/07/12 12:37:29 PM GMT","Male","20 - 23","Third Year","70 - 100","Off - Campus","3","We were friends","Neutral","More than 3 semesters","Rarely","Difficult","Sometimes","Sometimes","Neutral","Yes","Does not apply (No changes)","Dissatisfied",""
"2024/07/12 12:37:43 PM GMT","Male","20 - 23","Fourth Year","70 - 100","On - Campus","3","We weren't friends","Good","1 semester","Rarely","Very easy","Never","Often","Very unsupported","Yes","Negative(worsen academic performance/study habit)","Neutral",""
"2024/07/12 12:37:45 PM GMT","Female","20 - 23","Third Year","60 - 69","Off - Campus","3","We weren't friends","Neutral","1 semester","Rarely","Difficult","Rarely","Rarely","Neutral","Yes","Does not apply (No changes)","Neutral","No"
"2024/07/12 12:37:53 PM GMT","Female","20 - 23","Fourth Year","60 - 69","Off - Campus","1","We were friends","Very good","2 semesters","Rarely","Neutral","Often","Sometimes","Supported","No","Positive (improved academic performance/study habit)","Neutral","There's nothing."
"2024/07/12 12:40:48 PM GMT","Female","20 - 23","Fourth Year","60 - 69","On - Campus",">3","We weren't friends","Very good","2 semesters","Never","Easy","Never","Never","Neutral","Yes","Positive (improved academic performance/study habit)","Satisfied","No"
"2024/07/12 12:41:43 PM GMT","Female","16 - 19","Third Year","60 - 69","Off - Campus",">3","We were friends","Very good","More than 3 semesters","Sometimes","Easy","Sometimes","Sometimes","Very supported","Yes","Positive (improved academic performance/study habit)","Satisfied","No "
"2024/07/12 12:43:52 PM GMT","Male","20 - 23","First Year","70 - 100","On - Campus",">3","We weren't friends","Good","2 semesters","Rarely","Very easy","Sometimes","Rarely","Neutral","No","Does not apply (No changes)","Satisfied",""
"2024/07/12 12:44:56 PM GMT","Male","20 - 23","Third Year","70 - 100","Off - Campus","3","We weren't friends","Very good","1 semester","Never","Very easy","Rarely","Rarely","Neutral","Yes","Positive (improved academic performance/study habit)","Very satisfied","Positively "
"2024/07/12 12:46:58 PM GMT","Female","24 - 27","Fourth Year","0 - 49","Off - Campus","1","We weren't friends","Neutral","1 semester","Sometimes","Neutral","Sometimes","Sometimes","Neutral","No","Does not apply (No changes)","Neutral",""
"2024/07/12 12:49:07 PM GMT","Female","20 - 23","Second Year","50 - 59","Off - Campus","2","We were friends","Good","1 semester","Rarely","Easy","Often","Rarely","Supported","Yes","Positive (improved academic performance/study habit)","Satisfied","Her coming late form rehearsals at night and keeping the room neat"
"2024/07/12 12:49:55 PM GMT","Female","20 - 23","Third Year","60 - 69","On - Campus","3","We weren't friends","Neutral","1 semester","Sometimes","Neutral","Sometimes","Sometimes","Neutral","No","Positive (improved academic performance/study habit)","Neutral","My roommate are understandable "
"2024/07/12 12:50:15 PM GMT","Male","20 - 23","Third Year","70 - 100","Off - Campus","1","We weren't friends","Very poor","2 semesters","Never","Neutral","Never","Rarely","Unsupported","No","Does not apply (No changes)","Satisfied",""
"2024/07/12 12:51:41 PM GMT","Male","24 - 27","Fifth Year","60 - 69","Off - Campus","2","We were friends","Neutral","2 semesters","Sometimes","Easy","Often","Never","Supported","No","Does not apply (No changes)","Very satisfied",""
"2024/07/12 12:53:51 PM GMT","Female","20 - 23","Fourth Year","60 - 69","Off - Campus","1","We weren't friends","Neutral","2 semesters","Rarely","Neutral","Rarely","Rarely","Very unsupported","No","Does not apply (No changes)","Neutral",""
"2024/07/12 12:54:19 PM GMT","Male","20 - 23","Third Year","60 - 69","Off - Campus","3","We weren't friends","Neutral","2 semesters","Sometimes","Easy","Rarely","Rarely","Neutral","Yes","Positive (improved academic performance/study habit)","Satisfied","Prayers"
"2024/07/12 12:55:35 PM GMT","Male","20 - 23","Third Year","60 - 69","Off - Campus","1","We were friends","Very good","2 semesters","Sometimes","Neutral","Rarely","Never","Very supported","Yes","Positive (improved academic performance/study habit)","Satisfied",""
"2024/07/12 12:55:38 PM GMT","Male","20 - 23","Third Year","60 - 69","On - Campus",">3","We weren't friends","Good","2 semesters","Rarely","Neutral","Rarely","Very often","Neutral","Yes","Negative(worsen academic performance/study habit)","Satisfied",""
"2024/07/12 1:03:17 PM GMT","Female","20 - 23","Second Year","50 - 59","Off - Campus",">3","We weren't friends","Good","2 semesters","Rarely","Easy","Never","Very often","Unsupported","Yes","Positive (improved academic performance/study habit)","Dissatisfied",""
"2024/07/12 1:04:57 PM GMT","Male","20 - 23","Third Year","60 - 69","Off - Campus","3","We were friends","Very good","More than 3 semesters","Never","Very easy","Never","Never","Very supported","Yes","Positive (improved academic performance/study habit)","Very satisfied",""
"2024/07/12 1:12:02 PM GMT","Male","20 - 23","Third Year","60 - 69","On - Campus","2","We weren't friends","Very good","2 semesters","Sometimes","Very easy","Never","Sometimes","Unsupported","No","Does not apply (No changes)","Dissatisfied",""
"2024/07/12 1:17:55 PM GMT","Male","24 - 27","First Year","70 - 100","On - Campus",">3","We weren't friends","Very good","1 semester","Very often","Easy","Very often","Very often","Very supported","Yes","Positive (improved academic performance/study habit)","Dissatisfied",""
"2024/07/12 1:20:40 PM GMT","Male","20 - 23","Third Year","60 - 69","Off - Campus","3","We were friends","Very good","More than 3 semesters","Rarely","Very easy","Never","Sometimes","Neutral","Yes","Does not apply (No changes)","Neutral",""
"2024/07/12 1:22:06 PM GMT","Male","16 - 19","First Year","70 - 100","Off - Campus","3","We were friends","Poor","2 semesters","Often","Neutral","Sometimes","Sometimes","Neutral","No","Negative(worsen academic performance/study habit)","Neutral",""
"2024/07/12 1:28:04 PM GMT","Male","24 - 27","Second Year","60 - 69","Off - Campus","3","We weren't friends","Neutral","1 semester","Sometimes","Neutral","Very often","Sometimes","Very supported","Yes","Positive (improved academic performance/study habit)","Satisfied",""
"2024/07/12 1:28:26 PM GMT","Male","20 - 23","First Year","60 - 69","Off - Campus","1","We weren't friends","Good","2 semesters","Never","Easy","Never","Rarely","Neutral","Yes","Positive (improved academic performance/study habit)","Satisfied",""
"2024/07/12 2:04:37 PM GMT","Female","20 - 23","Second Year","50 - 59","On - Campus","1","We were friends","Very good","More than 3 semesters","Never","Very easy","Never","Never","Very supported","No","Does not apply (No changes)","Very satisfied",""
"2024/07/12 2:13:13 PM GMT","Female","20 - 23","Third Year","0 - 49","Off - Campus","3","We weren't friends","Good","More than 3 semesters","Rarely","Easy","Rarely","Rarely","Supported","Yes","Positive (improved academic performance/study habit)","Satisfied",""
"2024/07/12 2:40:14 PM GMT","Male","20 - 23","Third Year","60 - 69","Off - Campus","2","We were friends","Good","More than 3 semesters","Sometimes","Easy","Sometimes","Often","Supported","Yes","Positive (improved academic performance/study habit)","Very satisfied","Not much it has had a positive impact because, in as much as we play (being distracted) we also find ways a means to catch up since we offer similar courses. "
"2024/07/12 2:46:44 PM GMT","Female","20 - 23","Fourth Year","50 - 59","Off - Campus","1","We weren't friends","Neutral","1 semester","Rarely","Easy","Often","Often","Neutral","No","Does not apply (No changes)","Satisfied",""
"2024/07/12 2:55:55 PM GMT","Male","20 - 23","First Year","60 - 69","On - Campus","3","We weren't friends","Very good","1 semester","Never","Very easy","Never","Rarely","Supported","No","Does not apply (No changes)","Satisfied","Nothing much "
"2024/07/12 3:19:21 PM GMT","Female","20 - 23","Third Year","50 - 59","Off - Campus","2","We were friends","Very good","More than 3 semesters","Rarely","Very easy","Rarely","Never","Very supported","Yes","Positive (improved academic performance/study habit)","Very satisfied",""
"2024/07/12 3:42:11 PM GMT","Male","20 - 23","Third Year","50 - 59","Off - Campus","2","We were friends","Good","More than 3 semesters","Rarely","Very easy","Never","Very often","Unsupported","No","Does not apply (No changes)","Neutral",""
"2024/07/12 4:04:13 PM GMT","Female","24 - 27","First Year","70 - 100","On - Campus","2","We weren't friends","Neutral","2 semesters","Sometimes","Neutral","Sometimes","Never","Unsupported","No","Does not apply (No changes)","Neutral",""
"2024/07/12 4:29:03 PM GMT","Male","20 - 23","First Year","70 - 100","On - Campus",">3","We weren't friends","Neutral","2 semesters","Often","Very easy","Very often","Sometimes","Neutral","Yes","Positive (improved academic performance/study habit)","Satisfied",""
"2024/07/12 4:41:47 PM GMT","Male","20 - 23","Fourth Year","70 - 100","Off - Campus","2","We weren't friends","Very poor","1 semester","Very often","Very difficult","Never","Very often","Very unsupported","No","Does not apply (No changes)","Very dissatisfied","My roommate is an agent from hell, but it shouldn’t disturb my goals and objectives from being in School on the first place. "
"2024/07/12 4:56:44 PM GMT","Female","20 - 23","Third Year","60 - 69","On - Campus",">3","We weren't friends","Good","1 semester","Rarely","Easy","Very often","Rarely","Very supported","No","Positive (improved academic performance/study habit)","Neutral",""
"2024/07/12 5:02:11 PM GMT","Male","24 - 27","Third Year","70 - 100","Off - Campus","1","We weren't friends","Good","3 semesters","Rarely","Easy","Rarely","Sometimes","Unsupported","Yes","Positive (improved academic performance/study habit)","Satisfied","Poor attitude towards class and learning in general "
"2024/07/12 5:24:17 PM GMT","Female","16 - 19","First Year","70 - 100","On - Campus","3","We weren't friends","Very good","2 semesters","Rarely","Very easy","Never","Very often","Supported","No","Does not apply (No changes)","Satisfied",""
"2024/07/12 5:25:03 PM GMT","Male","20 - 23","Second Year","50 - 59","Off - Campus","1","We weren't friends","Very good","2 semesters","Sometimes","Easy","Sometimes","Sometimes","Very supported","Yes","Positive (improved academic performance/study habit)","Satisfied",""
"2024/07/12 5:52:12 PM GMT","Female","20 - 23","Third Year","50 - 59","Off - Campus","1","We weren't friends","Poor","2 semesters","Sometimes","Difficult","Rarely","Rarely","Unsupported","No","Does not apply (No changes)","Neutral",""
"2024/07/12 5:54:15 PM GMT","Female","16 - 19","Third Year","60 - 69","Off - Campus","1","We weren't friends","Very poor","2 semesters","Rarely","Very difficult","Rarely","Sometimes","Neutral","Yes","Positive (improved academic performance/study habit)","Neutral",""
"2024/07/12 5:54:55 PM GMT","Male","20 - 23","Third Year","60 - 69","Off - Campus","1","We weren't friends","Good","2 semesters","Rarely","Very easy","Never","Rarely","Neutral","Yes","Positive (improved academic performance/study habit)","Neutral",""
"2024/07/12 6:54:28 PM GMT","Male","20 - 23","Third Year","60 - 69","Off - Campus",">3","We weren't friends","Good","2 semesters","Rarely","Neutral","Sometimes","Sometimes","Neutral","No","Does not apply (No changes)","Neutral",""
"2024/07/12 7:12:37 PM GMT","Female","20 - 23","Third Year","60 - 69","Off - Campus","3","We weren't friends","Good","2 semesters","Never","Easy","Never","Never","Neutral","No","Does not apply (No changes)","Satisfied",""
"2024/07/12 7:15:20 PM GMT","Female","20 - 23","Third Year","70 - 100","Off - Campus","2","We weren't friends","Good","1 semester","Rarely","Easy","Rarely","Rarely","Unsupported","No","Does not apply (No changes)","Very satisfied",""
"2024/07/12 7:15:54 PM GMT","Female","20 - 23","Third Year","60 - 69","Off - Campus","1","We weren't friends","Neutral","1 semester","Rarely","Neutral","Often","Sometimes","Unsupported","Yes","Positive (improved academic performance/study habit)","Neutral",""
"2024/07/12 7:16:35 PM GMT","Male","20 - 23","Third Year","60 - 69","Off - Campus","2","We were friends","Good","More than 3 semesters","Rarely","Easy","Rarely","Rarely","Supported","Yes","Positive (improved academic performance/study habit)","Satisfied","No please"
"2024/07/12 7:27:32 PM GMT","Male","20 - 23","Third Year","60 - 69","On - Campus",">3","We weren't friends","Neutral","1 semester","Sometimes","Difficult","Rarely","Very often","Neutral","Yes","Positive (improved academic performance/study habit)","Satisfied",""
"2024/07/12 7:39:25 PM GMT","Male","20 - 23","Third Year","70 - 100","Off - Campus","3","We weren't friends","Good","2 semesters","Very often","Easy","Never","Very often","Unsupported","Yes","Positive (improved academic performance/study habit)","Neutral",""
"2024/07/12 7:52:11 PM GMT","Male","20 - 23","Second Year","60 - 69","Off - Campus","1","We weren't friends","Good","2 semesters","Never","Very easy","Never","Never","Neutral","Yes","Positive (improved academic performance/study habit)","Satisfied",""
"2024/07/12 7:53:06 PM GMT","Female","16 - 19","Second Year","60 - 69","Off - Campus","2","We were friends","Good","2 semesters","Never","Very easy","Rarely","Often","Supported","Yes","Does not apply (No changes)","Satisfied",""
"2024/07/12 7:56:40 PM GMT","Male","24 - 27","Fourth Year","60 - 69","On - Campus","1","We weren't friends","Very good","2 semesters","Sometimes","Easy","Never","Never","Very supported","Yes","Positive (improved academic performance/study habit)","Very satisfied","He has been a good impact for me "
"2024/07/12 8:00:27 PM GMT","Female","16 - 19","Second Year","0 - 49","Off - Campus","2","We were friends","Very good","More than 3 semesters","Sometimes","Neutral","Often","Sometimes","Supported","No","Positive (improved academic performance/study habit)","Neutral",""
"2024/07/12 8:01:39 PM GMT","Female","16 - 19","Second Year","60 - 69","Off - Campus","2","We were friends","Very good","More than 3 semesters","Rarely","Easy","Rarely","Rarely","Supported","No","Does not apply (No changes)","Satisfied",""
"2024/07/12 8:10:23 PM GMT","Male","20 - 23","Fourth Year","60 - 69","Off - Campus","1","We were friends","Good","More than 3 semesters","Often","Neutral","Sometimes","Often","Supported","No","Does not apply (No changes)","Satisfied","No"
"2024/07/12 8:32:19 PM GMT","Female","20 - 23","Third Year","60 - 69","Off - Campus","3","We were friends","Good","More than 3 semesters","Sometimes","Neutral","Sometimes","Often","Unsupported","Yes","Positive (improved academic performance/study habit)","Dissatisfied",""
"2024/07/12 8:34:53 PM GMT","Male","20 - 23","Fourth Year","50 - 59","Off - Campus","1","We weren't friends","Good","2 semesters","Rarely","Easy","Never","Never","Very supported","No","Does not apply (No changes)","Satisfied","He fool but me afool pass am"
"2024/07/12 8:44:59 PM GMT","Female","20 - 23","Second Year","60 - 69","On - Campus","3","We weren't friends","Good","2 semesters","Sometimes","Neutral","Sometimes","Often","Neutral","Yes","Positive (improved academic performance/study habit)","Neutral",""
"2024/07/12 8:45:18 PM GMT","Male","20 - 23","Third Year","50 - 59","Off - Campus",">3","We were friends","Neutral","2 semesters","Sometimes","Easy","Sometimes","Sometimes","Neutral","Yes","Positive (improved academic performance/study habit)","Neutral","How to tolerate people"
"2024/07/12 9:34:04 PM GMT","Male","20 - 23","Third Year","60 - 69","Off - Campus","3","We were friends","Good","3 semesters","Sometimes","Neutral","Rarely","Rarely","Supported","Yes","Positive (improved academic performance/study habit)","Satisfied",""
"2024/07/12 10:05:15 PM GMT","Female","20 - 23","Third Year","60 - 69","Off - Campus","1","We weren't friends","Neutral","More than 3 semesters","Rarely","Difficult","Often","Very often","Supported","No","Does not apply (No changes)","Very dissatisfied",""
"2024/07/12 10:16:08 PM GMT","Male","20 - 23","Second Year","60 - 69","On - Campus","1","We were friends","Good","More than 3 semesters","Sometimes","Very easy","Never","Never","Neutral","Yes","Positive (improved academic performance/study habit)","Very satisfied","No"
"2024/07/12 10:23:34 PM GMT","Female","20 - 23","Second Year","60 - 69","Off - Campus","1","We weren't friends","Very good","2 semesters","Never","Very easy","Never","Rarely","Neutral","Yes","Positive (improved academic performance/study habit)","Satisfied",""
"2024/07/12 10:34:06 PM GMT","Female","20 - 23","Third Year","50 - 59","Off - Campus","2","We weren't friends","Good","More than 3 semesters","Never","Very easy","Never","Sometimes","Supported","Yes","Positive (improved academic performance/study habit)","Satisfied",""
"2024/07/12 11:26:05 PM GMT","Male","20 - 23","Second Year","50 - 59","On - Campus",">3","We weren't friends","Poor","2 semesters","Sometimes","Neutral","Never","Often","Unsupported","Yes","Positive (improved academic performance/study habit)","Very satisfied",""
"2024/07/12 11:41:39 PM GMT","Female","24 - 27","Fourth Year","70 - 100","On - Campus","2","We weren't friends","Good","More than 3 semesters","Never","Easy","Never","Rarely","Supported","No","Does not apply (No changes)","Very satisfied",""
"2024/07/12 11:51:45 PM GMT","Male","20 - 23","Third Year","50 - 59","Off - Campus","1","We were friends","Good","More than 3 semesters","Rarely","Easy","Never","Rarely","Supported","No","Positive (improved academic performance/study habit)","Dissatisfied","nothing really"
"2024/07/13 12:27:41 AM GMT","Male","20 - 23","Third Year","60 - 69","Off - Campus","2","We weren't friends","Good","2 semesters","Rarely","Neutral","Rarely","Sometimes","Neutral","Yes","Positive (improved academic performance/study habit)","Neutral","No"
"2024/07/13 12:32:51 AM GMT","Male","20 - 23","Third Year","60 - 69","Off - Campus","2","We weren't friends","Very good","2 semesters","Rarely","Very easy","Rarely","Sometimes","Supported","Yes","Positive (improved academic performance/study habit)","Very satisfied",""
"2024/07/13 7:09:59 AM GMT","Male","20 - 23","Second Year","50 - 59","Off - Campus","3","We weren't friends","Neutral","1 semester","Never","Very easy","Very often","Very often","Very unsupported","No","Negative(worsen academic performance/study habit)","Very dissatisfied","The hostel prices are too expensive"
"2024/07/13 7:22:35 AM GMT","Female","16 - 19","First Year","70 - 100","Off - Campus","1","We weren't friends","Good","2 semesters","Rarely","Very easy","Never","Sometimes","Supported","Yes","Positive (improved academic performance/study habit)","Satisfied","She is okay"
"2024/07/13 8:37:43 AM GMT","Male","20 - 23","Second Year","60 - 69","Off - Campus","1","We were friends","Good","More than 3 semesters","Often","Very easy","Often","Sometimes","Very supported","Yes","Positive (improved academic performance/study habit)","Very satisfied",""
"2024/07/13 8:51:50 AM GMT","Female","20 - 23","Third Year","70 - 100","Off - Campus","2","We weren't friends","Good","2 semesters","Never","Very easy","Never","Rarely","Very unsupported","No","Does not apply (No changes)","Neutral",""
"2024/07/13 9:42:37 AM GMT","Female","20 - 23","Third Year","70 - 100","On - Campus","3","We weren't friends","Neutral","2 semesters","Never","Very easy","Rarely","Sometimes","Very unsupported","No","Does not apply (No changes)","Satisfied",""
"2024/07/13 9:43:33 AM GMT","Female","20 - 23","Third Year","60 - 69","Off - Campus","3","We weren't friends","Very good","2 semesters","Never","Easy","Rarely","Rarely","Very supported","Yes","Positive (improved academic performance/study habit)","Satisfied",""
"2024/07/13 9:48:51 AM GMT","Female","20 - 23","Third Year","60 - 69","Off - Campus",">3","We were friends","Good","More than 3 semesters","Rarely","Neutral","Never","Rarely","Neutral","No","Does not apply (No changes)","Neutral",""
"2024/07/13 10:02:25 AM GMT","Male","20 - 23","Third Year","50 - 59","Off - Campus","2","We were friends","Very good","More than 3 semesters","Never","Easy","Never","Sometimes","Supported","No","Positive (improved academic performance/study habit)","Satisfied",""
"2024/07/13 10:30:12 AM GMT","Male","16 - 19","First Year","70 - 100","On - Campus","3","We weren't friends","Good","2 semesters","Rarely","Very easy","Never","Very often","Unsupported","No","Does not apply (No changes)","Neutral","No"
"2024/07/13 11:15:13 AM GMT","Female","20 - 23","Fourth Year","60 - 69","On - Campus","2","We weren't friends","Good","2 semesters","Sometimes","Neutral","Very often","Very often","Very supported","Yes","Positive (improved academic performance/study habit)","Neutral",""
"2024/07/13 11:32:50 AM GMT","Male","16 - 19","Third Year","60 - 69","Off - Campus","3","We weren't friends","Neutral","2 semesters","Rarely","Neutral","Often","Sometimes","Neutral","No","Does not apply (No changes)","Dissatisfied","Funfooling "
"2024/07/13 11:55:37 AM GMT","Male","24 - 27","Third Year","50 - 59","Off - Campus","3","We were friends","Very good","2 semesters","Often","Easy","Never","Sometimes","Very supported","Yes","Positive (improved academic performance/study habit)","Satisfied",""
"2024/07/13 12:48:28 PM GMT","Male","20 - 23","Third Year","60 - 69","Off - Campus","1","We were friends","Good","More than 3 semesters","Sometimes","Neutral","Never","Rarely","Supported","No","Does not apply (No changes)","Satisfied",""
"2024/07/13 1:20:31 PM GMT","Female","20 - 23","Third Year","50 - 59","Off - Campus","1","We weren't friends","Neutral","2 semesters","Rarely","Neutral","Sometimes","Rarely","Neutral","Yes","Positive (improved academic performance/study habit)","Very satisfied",""
"2024/07/13 2:54:13 PM GMT","Male","20 - 23","Third Year","70 - 100","Off - Campus",">3","We weren't friends","Good","1 semester","Rarely","Very easy","Sometimes","Often","Supported","Yes","Positive (improved academic performance/study habit)","Satisfied",""
"2024/07/13 5:56:56 PM GMT","Male","24 - 27","Third Year","50 - 59","Off - Campus","2","We were friends","Neutral","3 semesters","Very often","Difficult","Sometimes","Very often","Neutral","No","Positive (improved academic performance/study habit)","Very dissatisfied",""
"2024/07/13 7:21:37 PM GMT","Male","20 - 23","Third Year","60 - 69","Off - Campus","2","We were friends","Very good","More than 3 semesters","Very often","Easy","Never","Sometimes","Neutral","Yes","Positive (improved academic performance/study habit)","Satisfied","We always go to church together "
"2024/07/13 7:28:52 PM GMT","Male","24 - 27","Third Year","60 - 69","Off - Campus",">3","We were friends","Good","More than 3 semesters","Sometimes","Easy","Sometimes","Rarely","Neutral","Yes","Positive (improved academic performance/study habit)","Satisfied",""
"2024/07/13 7:54:57 PM GMT","Male","20 - 23","Third Year","60 - 69","Off - Campus","3","We weren't friends","Neutral","2 semesters","Never","Very easy","Never","Never","Neutral","No","Does not apply (No changes)","Neutral","Charley "
"2024/07/13 8:28:25 PM GMT","Male","20 - 23","Third Year","70 - 100","Off - Campus","3","We weren't friends","Good","2 semesters","Rarely","Easy","Never","Sometimes","Unsupported","No","Does not apply (No changes)","Satisfied",""
"2024/07/13 9:01:23 PM GMT","Male","20 - 23","Third Year","70 - 100","On - Campus","1","We weren't friends","Poor","2 semesters","Never","Very easy","Never","Rarely","Very unsupported","Yes","Negative(worsen academic performance/study habit)","Neutral",""
"2024/07/13 9:17:05 PM GMT","Female","20 - 23","Third Year","60 - 69","Off - Campus",">3","We weren't friends","Good","More than 3 semesters","Never","Easy","Never","Sometimes","Unsupported","No","Does not apply (No changes)","Satisfied","No"
"2024/07/13 9:36:39 PM GMT","Male","20 - 23","Third Year","60 - 69","Off - Campus","2","We weren't friends","Good","2 semesters","Never","Very easy","Never","Rarely","Supported","Yes","Positive (improved academic performance/study habit)","Satisfied","No "
"2024/07/13 10:42:26 PM GMT","Female","20 - 23","Third Year","60 - 69","On - Campus",">3","We weren't friends","Good","2 semesters","Never","Very easy","Never","Often","Supported","Yes","Negative(worsen academic performance/study habit)","Dissatisfied",""
"2024/07/13 11:10:31 PM GMT","Male","20 - 23","Third Year","70 - 100","Off - Campus","3","We weren't friends","Neutral","2 semesters","Rarely","Neutral","Never","Often","Very unsupported","Yes","Negative(worsen academic performance/study habit)","Very dissatisfied","For me it's a bad idea to have college, colleague, boys boys friends as roommates"
"2024/07/14 12:31:13 AM GMT","Male","20 - 23","Third Year","70 - 100","On - Campus","3","We weren't friends","Good","2 semesters","Never","Very easy","Never","Rarely","Very unsupported","No","Does not apply (No changes)","Satisfied",""
"2024/07/14 1:42:40 AM GMT","Male","20 - 23","Third Year","0 - 49","Off - Campus","3","We weren't friends","Good","3 semesters","Often","Difficult","Rarely","Often","Unsupported","Yes","Negative(worsen academic performance/study habit)","Dissatisfied",""
"2024/07/14 7:17:55 AM GMT","Female","20 - 23","Second Year","60 - 69","Off - Campus","1","We were friends","Good","3 semesters","Rarely","Easy","Rarely","Rarely","Supported","Yes","Does not apply (No changes)","Neutral",""
"2024/07/14 9:58:13 AM GMT","Male","20 - 23","Fourth Year","60 - 69","Off - Campus","3","We weren't friends","Neutral","2 semesters","Never","Very easy","Never","Rarely","Unsupported","No","Does not apply (No changes)","Satisfied",""
"2024/07/14 10:46:57 AM GMT","Female","24 - 27","Fourth Year","70 - 100","Off - Campus","1","We were friends","Very good","More than 3 semesters","Sometimes","Easy","Rarely","Sometimes","Supported","Yes","Positive (improved academic performance/study habit)","Satisfied",""
"2024/07/14 10:52:42 AM GMT","Male","20 - 23","Second Year","60 - 69","On - Campus","3","We were friends","Good","2 semesters","Never","Very easy","Never","Rarely","Supported","Yes","Positive (improved academic performance/study habit)","Satisfied",""
"2024/07/14 11:18:28 AM GMT","Male","20 - 23","Third Year","60 - 69","Off - Campus","2","We were friends","Good","More than 3 semesters","Rarely","Easy","Never","Never","Supported","Yes","Positive (improved academic performance/study habit)","Neutral",""
"2024/07/14 11:35:24 AM GMT","Female","16 - 19","First Year","50 - 59","Off - Campus","1","We were friends","Very good","More than 3 semesters","Rarely","Easy","Rarely","Never","Neutral","Yes","Positive (improved academic performance/study habit)","Very satisfied","Very good "
"2024/07/14 11:57:39 AM GMT","Female","20 - 23","Third Year","60 - 69","Off - Campus","2","We were friends","Very good","3 semesters","Rarely","Very easy","Rarely","Rarely","Supported","Yes","Positive (improved academic performance/study habit)","Very satisfied",""
"2024/07/14 12:24:52 PM GMT","Male","28+","Third Year","70 - 100","Off - Campus",">3","We weren't friends","Good","2 semesters","Often","Neutral","Sometimes","Often","Neutral","Yes","Positive (improved academic performance/study habit)","Neutral","They are very good "
"2024/07/14 12:29:33 PM GMT","Male","24 - 27","Third Year","60 - 69","On - Campus",">3","We were friends","Good","2 semesters","Never","Neutral","Never","Never","Neutral","Yes","Negative(worsen academic performance/study habit)","Dissatisfied","Good "
"2024/07/14 12:30:37 PM GMT","Male","20 - 23","Fourth Year","60 - 69","Off - Campus","1","We were friends","Very good","More than 3 semesters","Rarely","Very easy","Never","Rarely","Very supported","Yes","Positive (improved academic performance/study habit)","Very satisfied",""
"2024/07/14 12:53:53 PM GMT","Male","20 - 23","Fourth Year","60 - 69","Off - Campus",">3","We weren't friends","Good","More than 3 semesters","Sometimes","Very easy","Never","Often","Supported","No","Positive (improved academic performance/study habit)","Very satisfied",""
"2024/07/14 12:58:12 PM GMT","Male","20 - 23","Third Year","60 - 69","Off - Campus",">3","We weren't friends","Good","3 semesters","Sometimes","Easy","Often","Rarely","Supported","Yes","Positive (improved academic performance/study habit)","Neutral",""
"2024/07/14 3:01:03 PM GMT","Female","20 - 23","Third Year","50 - 59","Off - Campus","1","We weren't friends","Very good","1 semester","Rarely","Very easy","Rarely","Rarely","Neutral","Yes","Positive (improved academic performance/study habit)","Very satisfied",""
"2024/07/14 4:43:51 PM GMT","Female","20 - 23","Third Year","60 - 69","Off - Campus","1","We weren't friends","Neutral","1 semester","Rarely","Neutral","Never","Often","Neutral","No","Does not apply (No changes)","Neutral",""
"2024/07/14 4:45:57 PM GMT","Female","20 - 23","Third Year","60 - 69","Off - Campus","1","We were friends","Very good","More than 3 semesters","Sometimes","Neutral","Rarely","Often","Supported","Yes","Positive (improved academic performance/study habit)","Satisfied",""
"2024/07/14 4:57:33 PM GMT","Male","20 - 23","Third Year","70 - 100","Off - Campus","3","We were friends","Good","More than 3 semesters","Rarely","Easy","Never","Very often","Neutral","Yes","Does not apply (No changes)","Neutral",""
"2024/07/14 7:34:24 PM GMT","Female","20 - 23","Second Year","60 - 69","Off - Campus","1","We were friends","Very good","More than 3 semesters","Sometimes","Easy","Sometimes","Sometimes","Supported","No","Positive (improved academic performance/study habit)","Satisfied","Very supportive "
"2024/07/14 9:20:07 PM GMT","Female","20 - 23","Fourth Year","60 - 69","Off - Campus","1","We weren't friends","Very good","1 semester","Never","Very easy","Never","Never","Neutral","No","Does not apply (No changes)","Satisfied",""
"2024/07/15 9:47:49 AM GMT","Male","20 - 23","Third Year","0 - 49","Off - Campus","3","We were friends","Very good","More than 3 semesters","Rarely","Neutral","Rarely","Often","Neutral","Yes","Positive (improved academic performance/study habit)","Satisfied",""
"2024/07/15 3:24:31 PM GMT","Female","20 - 23","Third Year","70 - 100","Off - Campus","2","We weren't friends","Good","2 semesters","Never","Neutral","Never","Never","Neutral","No","Positive (improved academic performance/study habit)","Very satisfied","Our relationship has not affected my academics. She rather motivates me to learn ."
"2024/07/15 5:22:37 PM GMT","Male","20 - 23","Second Year","60 - 69","On - Campus","3","We were friends","Neutral","2 semesters","Sometimes","Difficult","Very often","Sometimes","Very supported","Yes","Positive (improved academic performance/study habit)","Dissatisfied",""
"2024/07/15 6:57:56 PM GMT","Female","20 - 23","Third Year","70 - 100","Off - Campus","2","We were friends","Good","More than 3 semesters","Rarely","Easy","Often","Sometimes","Unsupported","Yes","Negative(worsen academic performance/study habit)","Neutral",""
"2024/07/15 7:03:45 PM GMT","Male","20 - 23","Fourth Year","60 - 69","Off - Campus","1","We weren't friends","Good","1 semester","Rarely","Very easy","Never","Rarely","Supported","Yes","Positive (improved academic performance/study habit)","Satisfied",""
"2024/07/15 7:37:52 PM GMT","Male","20 - 23","Third Year","60 - 69","On - Campus","3","We were friends","Good","3 semesters","Rarely","Very easy","Sometimes","Very often","Neutral","Yes","Positive (improved academic performance/study habit)","Very satisfied","improved my academic performance"
"2024/07/15 8:14:41 PM GMT","Male","28+","Third Year","60 - 69","Off - Campus","1","We were friends","Good","More than 3 semesters","Never","Neutral","Never","Rarely","Neutral","No","Does not apply (No changes)","Neutral",""
"2024/07/15 8:50:35 PM GMT","Male","20 - 23","Third Year","70 - 100","Off - Campus","1","We weren't friends","Very good","1 semester","Never","Neutral","Never","Sometimes","Neutral","Yes","Positive (improved academic performance/study habit)","Very satisfied","It has opened my eyes to many things only I can tell "
"2024/07/15 8:51:49 PM GMT","Male","24 - 27","Third Year","50 - 59","Off - Campus","1","We weren't friends","Neutral","2 semesters","Sometimes","Neutral","Sometimes","Sometimes","Neutral","Yes","Positive (improved academic performance/study habit)","Neutral","no"
"2024/07/15 8:55:52 PM GMT","Male","16 - 19","Second Year","50 - 59","Off - Campus","2","We were friends","Very good","More than 3 semesters","Never","Very easy","Never","Rarely","Very supported","Yes","Does not apply (No changes)","Very satisfied",""
"2024/07/15 8:57:38 PM GMT","Female","16 - 19","Second Year","60 - 69","On - Campus","3","We weren't friends","Neutral","1 semester","Sometimes","Easy","Rarely","Often","Unsupported","Yes","Negative(worsen academic performance/study habit)","Dissatisfied",""
"2024/07/15 9:10:22 PM GMT","Male","20 - 23","Third Year","50 - 59","Off - Campus","2","We were friends","Good","2 semesters","Rarely","Easy","Often","Often","Unsupported","Yes","Positive (improved academic performance/study habit)","Satisfied",""
"2024/07/15 9:10:36 PM GMT","Female","20 - 23","Third Year","60 - 69","On - Campus","3","We weren't friends","Good","1 semester","Rarely","Neutral","Rarely","Rarely","Neutral","No","Negative(worsen academic performance/study habit)","Neutral"," Noo"
"2024/07/15 9:11:26 PM GMT","Female","16 - 19","First Year","60 - 69","On - Campus","3","We weren't friends","Poor","1 semester","Often","Neutral","Sometimes","Sometimes","Very unsupported","Yes","Negative(worsen academic performance/study habit)","Neutral",""
"2024/07/15 9:12:23 PM GMT","Female","20 - 23","Fourth Year","50 - 59","Off - Campus","1","We weren't friends","Neutral","1 semester","Rarely","Difficult","Sometimes","Rarely","Neutral","No","Negative(worsen academic performance/study habit)","Neutral",""
"2024/07/15 9:13:01 PM GMT","Female","20 - 23","Fourth Year","50 - 59","On - Campus","3","We weren't friends","Very good","1 semester","Rarely","Easy","Never","Very often","Unsupported","No","Does not apply (No changes)","Dissatisfied",""
"2024/07/15 9:13:07 PM GMT","Female","20 - 23","Third Year","70 - 100","On - Campus","3","We weren't friends","Very good","2 semesters","Rarely","Very easy","Rarely","Sometimes","Supported","Yes","Positive (improved academic performance/study habit)","Satisfied",""
"2024/07/15 9:17:49 PM GMT","Male","24 - 27","Third Year","60 - 69","Off - Campus","1","We weren't friends","Neutral","2 semesters","Sometimes","Neutral","Sometimes","Sometimes","Neutral","Yes","Positive (improved academic performance/study habit)","Neutral","no"
"2024/07/15 9:19:11 PM GMT","Male","24 - 27","Third Year","50 - 59","Off - Campus","1","We weren't friends","Neutral","2 semesters","Sometimes","Neutral","Sometimes","Sometimes","Neutral","Yes","Positive (improved academic performance/study habit)","Neutral","no"
"2024/07/15 9:30:29 PM GMT","Female","20 - 23","Third Year","70 - 100","On - Campus","2","We were friends","Neutral","More than 3 semesters","Sometimes","Neutral","Very often","Rarely","Neutral","No","Does not apply (No changes)","Neutral","Nope "
"2024/07/15 9:32:03 PM GMT","Male","16 - 19","Third Year","60 - 69","On - Campus","1","We were friends","Very good","More than 3 semesters","Never","Very easy","Never","Rarely","Supported","No","Does not apply (No changes)","Satisfied","Living with him has not had much impact on my academic performance "
"2024/07/15 9:32:17 PM GMT","Female","20 - 23","Second Year","70 - 100","Off - Campus",">3","We weren't friends","Good","3 semesters","Sometimes","Easy","Never","Sometimes","Supported","Yes","Positive (improved academic performance/study habit)","Satisfied","Well improved and impressed "
"2024/07/15 9:37:12 PM GMT","Male","20 - 23","Fourth Year","70 - 100","Off - Campus","2","We weren't friends","Good","1 semester","Never","Easy","Never","Rarely","Neutral","No","Does not apply (No changes)","Neutral",""
"2024/07/15 9:37:36 PM GMT","Male","20 - 23","Third Year","50 - 59","Off - Campus","2","We were friends","Good","More than 3 semesters","Rarely","Neutral","Rarely","Rarely","Supported","Yes","Positive (improved academic performance/study habit)","Satisfied","No"
"2024/07/15 9:39:43 PM GMT","Female","20 - 23","Third Year","50 - 59","Off - Campus","1","We were friends","Very good","More than 3 semesters","Often","Very easy","Never","Never","Very unsupported","No","Does not apply (No changes)","Satisfied",""
"2024/07/15 9:43:39 PM GMT","Male","20 - 23","Fourth Year","70 - 100","Off - Campus","1","We weren't friends","Good","1 semester","Never","Easy","Never","Rarely","Neutral","No","Does not apply (No changes)","Satisfied",""
"2024/07/15 9:54:51 PM GMT","Female","20 - 23","Second Year","60 - 69","On - Campus","2","We weren't friends","Good","3 semesters","Often","Difficult","Sometimes","Often","Supported","No","Negative(worsen academic performance/study habit)","Neutral","No"
"2024/07/15 9:55:56 PM GMT","Male","16 - 19","First Year","70 - 100","On - Campus","3","We weren't friends","Poor","3 semesters","Sometimes","Easy","Often","Often","Neutral","No","Negative(worsen academic performance/study habit)","Satisfied","No"
"2024/07/15 9:56:41 PM GMT","Male","24 - 27","Fourth Year","60 - 69","Off - Campus","1","We were friends","Very poor","1 semester","Very often","Very difficult","Very often","Very often","Neutral","No","Does not apply (No changes)","Satisfied","No"
"2024/07/15 9:57:58 PM GMT","Female","24 - 27","Fourth Year","60 - 69","On - Campus","3","We were friends","Very good","More than 3 semesters","Often","Difficult","Very often","Rarely","Supported","No","Does not apply (No changes)","Very dissatisfied","No"
"2024/07/15 10:01:25 PM GMT","Female","24 - 27","Fourth Year","50 - 59","On - Campus","2","We were friends","Poor","2 semesters","Sometimes","Difficult","Sometimes","Sometimes","Unsupported","No","Negative(worsen academic performance/study habit)","Satisfied","No"
"2024/07/15 10:01:58 PM GMT","Female","20 - 23","Second Year","70 - 100","Off - Campus","2","We weren't friends","Very poor","1 semester","Very often","Very difficult","Very often","Very often","Very supported","Yes","Positive (improved academic performance/study habit)","Very satisfied","No"
"2024/07/15 10:02:35 PM GMT","Female","20 - 23","Third Year","60 - 69","Off - Campus","3","We weren't friends","Neutral","3 semesters","Sometimes","Difficult","Often","Rarely","Neutral","No","Negative(worsen academic performance/study habit)","Neutral","No"
"2024/07/15 10:03:18 PM GMT","Female","20 - 23","Third Year","50 - 59","Off - Campus","3","We weren't friends","Good","2 semesters","Rarely","Neutral","Often","Often","Supported","Yes","Negative(worsen academic performance/study habit)","Very dissatisfied","No"
"2024/07/15 10:03:59 PM GMT","Female","28+","Fifth Year","70 - 100","Off - Campus","2","We weren't friends","Good","More than 3 semesters","Sometimes","Neutral","Often","Rarely","Unsupported","No","Negative(worsen academic performance/study habit)","Dissatisfied","No"
"2024/07/15 10:04:34 PM GMT","Female","24 - 27","Third Year","50 - 59","Off - Campus","3","We weren't friends","Good","3 semesters","Sometimes","Neutral","Sometimes","Sometimes","Neutral","No","Negative(worsen academic performance/study habit)","Dissatisfied","No"
"2024/07/15 10:05:04 PM GMT","Female","24 - 27","Fourth Year","60 - 69","Off - Campus","3","We weren't friends","Neutral","3 semesters","Sometimes","Neutral","Sometimes","Sometimes","Neutral","No","Negative(worsen academic performance/study habit)","Neutral","No"
"2024/07/15 10:05:39 PM GMT","Male","24 - 27","Fourth Year","50 - 59","On - Campus","2","We were friends","Poor","1 semester","Sometimes","Neutral","Often","Often","Supported","Yes","Negative(worsen academic performance/study habit)","Satisfied","No"
"2024/07/15 10:06:09 PM GMT","Male","24 - 27","Third Year","50 - 59","Off - Campus","3","We weren't friends","Good","2 semesters","Often","Difficult","Very often","Very often","Supported","No","Negative(worsen academic performance/study habit)","Satisfied","Np"
"2024/07/15 10:06:37 PM GMT","Female","20 - 23","Third Year","50 - 59","Off - Campus","3","We weren't friends","Good","3 semesters","Sometimes","Difficult","Often","Sometimes","Supported","No","Negative(worsen academic performance/study habit)","Neutral","No"
"2024/07/15 10:07:12 PM GMT","Female","20 - 23","Third Year","60 - 69","Off - Campus","3","We weren't friends","Neutral","2 semesters","Sometimes","Difficult","Sometimes","Often","Neutral","No","Negative(worsen academic performance/study habit)","Neutral","No"
"2024/07/15 10:07:47 PM GMT","Female","24 - 27","Fourth Year","50 - 59","Off - Campus","3","We were friends","Poor","2 semesters","Sometimes","Difficult","Often","Often","Supported","Yes","Negative(worsen academic performance/study habit)","Neutral","No"
"2024/07/15 10:08:17 PM GMT","Female","20 - 23","Second Year","50 - 59","Off - Campus","3","We weren't friends","Good","2 semesters","Sometimes","Neutral","Often","Rarely","Neutral","No","Negative(worsen academic performance/study habit)","Neutral","No"
"2024/07/15 10:08:48 PM GMT","Male","16 - 19","Second Year","50 - 59","On - Campus","3","We weren't friends","Good","3 semesters","Rarely","Easy","Sometimes","Rarely","Neutral","Yes","Negative(worsen academic performance/study habit)","Satisfied","No"
"2024/07/15 10:09:17 PM GMT","Female","24 - 27","Fourth Year","50 - 59","Off - Campus","3","We weren't friends","Good","3 semesters","Sometimes","Neutral","Often","Often","Supported","No","Does not apply (No changes)","Dissatisfied","No"
"2024/07/15 10:09:46 PM GMT","Male","16 - 19","First Year","0 - 49","Off - Campus","2","We weren't friends","Poor","1 semester","Very often","Very difficult","Very often","Very often","Supported","Yes","Negative(worsen academic performance/study habit)","Satisfied","No"
"2024/07/15 10:10:16 PM GMT","Male","16 - 19","Fourth Year","60 - 69","Off - Campus","3","We weren't friends","Neutral","3 semesters","Sometimes","Neutral","Often","Sometimes","Supported","No","Negative(worsen academic performance/study habit)","Neutral","No"
"2024/07/15 10:10:44 PM GMT","Male","20 - 23","Third Year","50 - 59","Off - Campus","2","We weren't friends","Neutral","3 semesters","Sometimes","Neutral","Very often","Sometimes","Neutral","Yes","Negative(worsen academic performance/study habit)","Neutral","No"
"2024/07/15 10:11:34 PM GMT","Female","20 - 23","Fourth Year","60 - 69","On - Campus","3","We weren't friends","Neutral","3 semesters","Rarely","Neutral","Often","Very often","Very supported","Yes","Negative(worsen academic performance/study habit)","Dissatisfied","No"
"2024/07/15 10:12:06 PM GMT","Female","20 - 23","Fourth Year","60 - 69","Off - Campus",">3","We weren't friends","Poor","1 semester","Often","Difficult","Very often","Very often","Neutral","Yes","Negative(worsen academic performance/study habit)","Dissatisfied","No"
"2024/07/15 10:12:35 PM GMT","Female","24 - 27","Fourth Year","60 - 69","Off - Campus","2","We weren't friends","Good","3 semesters","Sometimes","Easy","Sometimes","Rarely","Unsupported","No","Does not apply (No changes)","Dissatisfied","No"
"2024/07/15 10:13:07 PM GMT","Male","28+","Fifth Year","60 - 69","On - Campus","1","We weren't friends","Neutral","2 semesters","Very often","Difficult","Often","Often","Supported","No","Negative(worsen academic performance/study habit)","Neutral","No"
"2024/07/15 10:13:39 PM GMT","Female","20 - 23","Third Year","50 - 59","Off - Campus","3","We weren't friends","Very poor","1 semester","Often","Very difficult","Sometimes","Sometimes","Neutral","No","Negative(worsen academic performance/study habit)","Neutral","No"
"2024/07/15 10:16:18 PM GMT","Male","16 - 19","Second Year","50 - 59","Off - Campus","1","We weren't friends","Very poor","2 semesters","Often","Difficult","Never","Never","Neutral","Yes","Positive (improved academic performance/study habit)","Neutral","No"
"2024/07/15 10:17:00 PM GMT","Male","20 - 23","Third Year","50 - 59","On - Campus","3","We weren't friends","Neutral","2 semesters","Sometimes","Easy","Sometimes","Sometimes","Neutral","No","Negative(worsen academic performance/study habit)","Neutral","No"
"2024/07/15 10:17:40 PM GMT","Female","16 - 19","First Year","60 - 69","Off - Campus","3","We weren't friends","Neutral","2 semesters","Sometimes","Difficult","Often","Sometimes","Supported","No","Negative(worsen academic performance/study habit)","Neutral","No"
"2024/07/15 10:18:12 PM GMT","Female","24 - 27","Fourth Year","60 - 69","Off - Campus","3","We weren't friends","Neutral","3 semesters","Sometimes","Neutral","Rarely","Rarely","Unsupported","No","Negative(worsen academic performance/study habit)","Neutral","No"
"2024/07/15 10:18:45 PM GMT","Male","20 - 23","Fourth Year","60 - 69","Off - Campus","2","We weren't friends","Neutral","3 semesters","Never","Very easy","Often","Sometimes","Supported","Yes","Negative(worsen academic performance/study habit)","Neutral","No"
"2024/07/15 10:19:18 PM GMT","Female","24 - 27","Fifth Year","70 - 100","On - Campus","3","We weren't friends","Good","3 semesters","Sometimes","Neutral","Sometimes","Often","Neutral","No","Negative(worsen academic performance/study habit)","Dissatisfied","No"
"2024/07/15 10:19:53 PM GMT","Female","24 - 27","Third Year","70 - 100","Off - Campus","3","We weren't friends","Neutral","3 semesters","Never","Neutral","Sometimes","Rarely","Neutral","Yes","Negative(worsen academic performance/study habit)","Neutral","No"
"2024/07/15 10:20:30 PM GMT","Female","24 - 27","Fifth Year","60 - 69","Off - Campus","3","We weren't friends","Very poor","2 semesters","Rarely","Neutral","Very often","Often","Supported","No","Negative(worsen academic performance/study habit)","Neutral","No"
"2024/07/15 10:29:10 PM GMT","Male","20 - 23","Second Year","60 - 69","Off - Campus","1","We were friends","Very good","More than 3 semesters","Rarely","Very easy","Never","Never","Neutral","Yes","Positive (improved academic performance/study habit)","Satisfied",""
"2024/07/15 10:56:25 PM GMT","Male","24 - 27","Fourth Year","60 - 69","Off - Campus","2","We weren't friends","Very good","1 semester","Rarely","Very easy","Never","Rarely","Neutral","Yes","Positive (improved academic performance/study habit)","Satisfied",""
"2024/07/15 10:57:19 PM GMT","Male","20 - 23","Fourth Year","70 - 100","Off - Campus","1","We were friends","Very good","More than 3 semesters","Rarely","Easy","Often","Rarely","Neutral","Yes","Positive (improved academic performance/study habit)","Satisfied","Nope "
"2024/07/15 11:02:48 PM GMT","Male","20 - 23","Fourth Year","60 - 69","Off - Campus","1","We were friends","Good","More than 3 semesters","Rarely","Easy","Never","Rarely","Supported","Yes","Positive (improved academic performance/study habit)","Satisfied","No please "
"2024/07/15 11:08:33 PM GMT","Female","20 - 23","Fourth Year","50 - 59","On - Campus","2","We weren't friends","Good","2 semesters","Rarely","Easy","Often","Rarely","Supported","Yes","Positive (improved academic performance/study habit)","Satisfied",""
"2024/07/15 11:17:24 PM GMT","Female","20 - 23","Third Year","60 - 69","Off - Campus","1","We were friends","Very good","More than 3 semesters","Never","Very easy","Never","Rarely","Supported","Yes","Positive (improved academic performance/study habit)","Satisfied","No"
"2024/07/15 11:21:19 PM GMT","Female","20 - 23","Third Year","60 - 69","Off - Campus","1","We were friends","Good","More than 3 semesters","Rarely","Easy","Sometimes","Rarely","Supported","No","Does not apply (No changes)","Very satisfied",""
"2024/07/15 11:32:53 PM GMT","Female","20 - 23","Fourth Year","70 - 100","On - Campus","3","We weren't friends","Neutral","2 semesters","Never","Very easy","Rarely","Rarely","Very supported","No","Positive (improved academic performance/study habit)","Very satisfied",""
"2024/07/15 11:55:23 PM GMT","Male","20 - 23","Third Year","50 - 59","Off - Campus",">3","We were friends","Very poor","More than 3 semesters","Sometimes","Very difficult","Sometimes","Often","Very supported","Yes","Negative(worsen academic performance/study habit)","Satisfied",""
"2024/07/16 1:14:58 AM GMT","Female","20 - 23","Fifth Year","60 - 69","Off - Campus","2","We weren't friends","Good","1 semester","Never","Easy","Never","Rarely","Supported","Yes","Positive (improved academic performance/study habit)","Satisfied",""
"2024/07/16 2:11:49 AM GMT","Male","24 - 27","Fourth Year","70 - 100","Off - Campus","3","We were friends","Very good","More than 3 semesters","Rarely","Easy","Rarely","Rarely","Very supported","Yes","Positive (improved academic performance/study habit)","Satisfied",""
"2024/07/16 5:34:38 AM GMT","Female","24 - 27","Fourth Year","60 - 69","On - Campus","3","We weren't friends","Good","3 semesters","Sometimes","Neutral","Often","Sometimes","Very supported","Yes","Positive (improved academic performance/study habit)","Neutral",""
"2024/07/16 6:25:50 AM GMT","Male","24 - 27","Third Year","70 - 100","On - Campus",">3","We weren't friends","Good","More than 3 semesters","Sometimes","Neutral","Sometimes","Sometimes","Supported","No","Does not apply (No changes)","Neutral",""
"2024/07/16 7:33:00 AM GMT","Male","20 - 23","Third Year","70 - 100","On - Campus",">3","We weren't friends","Very good","2 semesters","Rarely","Easy","Often","Rarely","Supported","Yes","Positive (improved academic performance/study habit)","Satisfied",""
"2024/07/16 7:56:20 AM GMT","Male","20 - 23","Fourth Year","60 - 69","Off - Campus",">3","We weren't friends","Very good","2 semesters","Very often","Very easy","Never","Never","Neutral","No","Negative(worsen academic performance/study habit)","Very satisfied",""
"2024/07/16 8:42:45 AM GMT","Male","16 - 19","Third Year","60 - 69","Off - Campus","2","We were friends","Good","2 semesters","Rarely","Very easy","Never","Rarely","Unsupported","No","Does not apply (No changes)","Neutral","No"
"2024/07/16 10:57:39 AM GMT","Female","20 - 23","Fourth Year","70 - 100","On - Campus",">3","We weren't friends","Good","2 semesters","Rarely","Neutral","Often","Very often","Unsupported","No","Does not apply (No changes)","Neutral",""
"2024/07/16 11:59:48 AM GMT","Female","20 - 23","First Year","60 - 69","On - Campus",">3","We weren't friends","Good","1 semester","Sometimes","Neutral","Sometimes","Sometimes","Neutral","Yes","Positive (improved academic performance/study habit)","Neutral","No"
"2024/07/16 1:17:15 PM GMT","Male","20 - 23","Third Year","60 - 69","Off - Campus",">3","We weren't friends","Neutral","2 semesters","Often","Neutral","Sometimes","Sometimes","Supported","No","Negative(worsen academic performance/study habit)","Satisfied","No"
"2024/07/16 1:18:04 PM GMT","Male","20 - 23","Third Year","70 - 100","Off - Campus",">3","We weren't friends","Good","3 semesters","Sometimes","Neutral","Sometimes","Sometimes","Supported","Yes","Positive (improved academic performance/study habit)","Neutral",""
"2024/07/16 1:40:23 PM GMT","Female","20 - 23","First Year","70 - 100","On - Campus","3","We were friends","Very good","2 semesters","Never","Very easy","Never","Never","Very supported","Yes","Positive (improved academic performance/study habit)","Very satisfied",""
"2024/07/16 2:01:59 PM GMT","Female","20 - 23","Third Year","60 - 69","Off - Campus","1","We weren't friends","Very poor","2 semesters","Rarely","Difficult","Sometimes","Sometimes","Neutral","No","Positive (improved academic performance/study habit)","Satisfied",""
"2024/07/16 4:09:59 PM GMT","Female","20 - 23","Fourth Year","70 - 100","Off - Campus","1","We weren't friends","Good","More than 3 semesters","Rarely","Neutral","Rarely","Rarely","Supported","Yes","Positive (improved academic performance/study habit)","Neutral",""
"2024/07/16 5:37:52 PM GMT","Male","16 - 19","Second Year","70 - 100","On - Campus","3","We weren't friends","Very good","More than 3 semesters","Sometimes","Neutral","Rarely","Never","Neutral","Yes","Positive (improved academic performance/study habit)","Satisfied","They have helped me in my religious life "
"2024/07/16 6:55:43 PM GMT","Male","16 - 19","First Year","70 - 100","Off - Campus",">3","We weren't friends","Good","2 semesters","Rarely","Easy","Sometimes","Rarely","Neutral","Yes","Positive (improved academic performance/study habit)","Dissatisfied",""
"2024/07/16 6:55:57 PM GMT","Male","16 - 19","First Year","60 - 69","Off - Campus","3","We weren't friends","Neutral","1 semester","Never","Very easy","Never","Often","Unsupported","No","Does not apply (No changes)","Very dissatisfied","Untrusted "
"2024/07/16 8:39:20 PM GMT","Male","20 - 23","Third Year","70 - 100","On - Campus",">3","We weren't friends","Good","2 semesters","Rarely","Easy","Never","Never","Supported","Yes","Positive (improved academic performance/study habit)","Satisfied",""
"2024/07/16 8:59:01 PM GMT","Male","20 - 23","Sixth Year","60 - 69","Off - Campus","3","We weren't friends","Neutral","1 semester","Sometimes","Difficult","Never","Never","Neutral","No","Does not apply (No changes)","Very dissatisfied",""
"2024/07/16 9:52:43 PM GMT","Male","16 - 19","Third Year","60 - 69","Off - Campus","3","We weren't friends","Good","3 semesters","Rarely","Easy","Never","Very often","Neutral","No","Does not apply (No changes)","Neutral","No"
"2024/07/17 12:11:19 AM GMT","Male","20 - 23","Third Year","70 - 100","Off - Campus","1","We were friends","Very good","More than 3 semesters","Rarely","Neutral","Rarely","Never","Supported","Yes","Positive (improved academic performance/study habit)","Very satisfied",""
"2024/07/17 1:51:08 AM GMT","Male","16 - 19","Second Year","60 - 69","Off - Campus",">3","We weren't friends","Good","1 semester","Rarely","Very easy","Rarely","Rarely","Neutral","Yes","Positive (improved academic performance/study habit)","Neutral",""
"2024/07/17 9:50:42 AM GMT","Male","20 - 23","Third Year","60 - 69","On - Campus","3","We weren't friends","Good","2 semesters","Sometimes","Easy","Rarely","Often","Neutral","Yes","Negative(worsen academic performance/study habit)","Neutral",""
"2024/07/17 9:54:51 AM GMT","Male","20 - 23","Third Year","60 - 69","Off - Campus","3","We were friends","Good","More than 3 semesters","Rarely","Very easy","Never","Rarely","Unsupported","Yes","Positive (improved academic performance/study habit)","Very satisfied",""
"2024/07/17 10:25:21 AM GMT","Male","24 - 27","Third Year","60 - 69","Off - Campus","3","We were friends","Good","More than 3 semesters","Sometimes","Neutral","Sometimes","Sometimes","Supported","Yes","Positive (improved academic performance/study habit)","Neutral",""
"2024/07/17 11:10:27 AM GMT","Female","24 - 27","Fourth Year","60 - 69","On - Campus",">3","We weren't friends","Neutral","2 semesters","Sometimes","Neutral","Rarely","Rarely","Neutral","No","Does not apply (No changes)","Satisfied",""
"2024/07/17 11:15:43 AM GMT","Female","24 - 27","Third Year","60 - 69","Off - Campus","2","We were friends","Good","More than 3 semesters","Never","Very easy","Rarely","Rarely","Neutral","Yes","Positive (improved academic performance/study habit)","Very satisfied",""
"2024/07/17 11:34:50 AM GMT","Male","20 - 23","Third Year","60 - 69","On - Campus","3","We weren't friends","Neutral","1 semester","Sometimes","Neutral","Rarely","Sometimes","Unsupported","Yes","Does not apply (No changes)","Neutral",""
"2024/07/17 11:36:25 AM GMT","Female","20 - 23","First Year","70 - 100","On - Campus",">3","We weren't friends","Neutral","2 semesters","Rarely","Neutral","Sometimes","Very often","Unsupported","Yes","Positive (improved academic performance/study habit)","Dissatisfied",""
"2024/07/17 11:37:57 AM GMT","Female","16 - 19","First Year","70 - 100","Off - Campus",">3","We weren't friends","Good","2 semesters","Rarely","Easy","Never","Rarely","Neutral","Yes","Positive (improved academic performance/study habit)","Neutral",""
"2024/07/17 11:40:20 AM GMT","Male","20 - 23","Fourth Year","70 - 100","On - Campus",">3","We weren't friends","Good","2 semesters","Often","Easy","Sometimes","Very often","Neutral","No","Negative(worsen academic performance/study habit)","Neutral",""
"2024/07/17 11:59:20 AM GMT","Male","20 - 23","First Year","50 - 59","On - Campus",">3","We weren't friends","Very good","1 semester","Never","Neutral","Often","Sometimes","Neutral","Yes","Positive (improved academic performance/study habit)","Neutral","They invite too much friends to the room which sometimes makes me uncomfortable to learn."
"2024/07/17 3:53:36 PM GMT","Male","20 - 23","Fourth Year","70 - 100","Off - Campus","1","We weren't friends","Neutral","1 semester","Very often","Very easy","Sometimes","Rarely","Neutral","Yes","Negative(worsen academic performance/study habit)","Dissatisfied","No"
"2024/07/17 4:04:11 PM GMT","Female","20 - 23","Third Year","60 - 69","Off - Campus","3","We were friends","Very good","2 semesters","Never","Very easy","Never","Never","Very unsupported","No","Does not apply (No changes)","Satisfied","No"
"2024/07/17 4:28:32 PM GMT","Male","20 - 23","Fourth Year","50 - 59","On - Campus",">3","We weren't friends","Good","1 semester","Sometimes","Very easy","Rarely","Rarely","Neutral","No","Positive (improved academic performance/study habit)","Neutral","Nothing "
"2024/07/17 5:46:13 PM GMT","Female","20 - 23","Third Year","60 - 69","Off - Campus","3","We were friends","Good","More than 3 semesters","Sometimes","Neutral","Sometimes","Sometimes","Unsupported","Yes","Positive (improved academic performance/study habit)","Neutral",""
"2024/07/17 7:33:24 PM GMT","Male","24 - 27","Third Year","70 - 100","On - Campus",">3","We weren't friends","Good","1 semester","Never","Very easy","Never","Rarely","Neutral","Yes","Does not apply (No changes)","Neutral","No effect "
"2024/07/17 10:22:59 PM GMT","Male","20 - 23","Third Year","70 - 100","Off - Campus",">3","We were friends","Very good","More than 3 semesters","Rarely","Very easy","Never","Rarely","Neutral","No","Does not apply (No changes)","Satisfied",""
"2024/07/18 5:41:55 AM GMT","Female","20 - 23","Third Year","50 - 59","Off - Campus","2","We were friends","Good","More than 3 semesters","Sometimes","Neutral","Often","Sometimes","Supported","No","Does not apply (No changes)","Satisfied",""
"2024/07/18 8:18:40 AM GMT","Male","20 - 23","Third Year","50 - 59","Off - Campus","2","We were friends","Neutral","More than 3 semesters","Sometimes","Easy","Never","Sometimes","Supported","No","Negative(worsen academic performance/study habit)","Neutral",""
"2024/07/18 9:46:59 AM GMT","Male","20 - 23","Fourth Year","60 - 69","On - Campus","1","We weren't friends","Very good","More than 3 semesters","Often","Very easy","Never","Rarely","Very supported","Yes","Positive (improved academic performance/study habit)","Very satisfied","No"
"2024/07/18 10:16:54 AM GMT","Male","20 - 23","Third Year","70 - 100","Off - Campus","2","We weren't friends","Neutral","2 semesters","Never","Very easy","Never","Never","Neutral","No","Does not apply (No changes)","Neutral",""
"2024/07/18 10:37:48 AM GMT","Male","20 - 23","Third Year","60 - 69","Off - Campus","2","We were friends","Very good","3 semesters","Never","Very easy","Never","Never","Very supported","Yes","Positive (improved academic performance/study habit)","Very satisfied",""
"2024/07/18 10:51:43 AM GMT","Female","20 - 23","Third Year","60 - 69","On - Campus",">3","We weren't friends","Very good","1 semester","Rarely","Very easy","Never","Sometimes","Very supported","Yes","Does not apply (No changes)","Very satisfied",""
"2024/07/18 11:02:22 AM GMT","Male","20 - 23","Third Year","70 - 100","Off - Campus","2","We weren't friends","Neutral","2 semesters","Never","Neutral","Sometimes","Rarely","Neutral","No","Does not apply (No changes)","Neutral",""
"2024/07/18 11:07:56 AM GMT","Male","20 - 23","Third Year","0 - 49","Off - Campus","3","We were friends","Very good","More than 3 semesters","Rarely","Neutral","Rarely","Rarely","Neutral","Yes","Positive (improved academic performance/study habit)","Satisfied",""
"2024/07/18 11:25:52 AM GMT","Male","20 - 23","Fourth Year","60 - 69","Off - Campus","1","We were friends","Very good","More than 3 semesters","Never","Very easy","Never","Never","Very supported","Yes","Positive (improved academic performance/study habit)","Very satisfied","Very cool "
"2024/07/18 11:48:36 AM GMT","Female","20 - 23","Fifth Year","60 - 69","On - Campus","1","We weren't friends","Good","1 semester","Never","Easy","Sometimes","Very often","Unsupported","No","Negative(worsen academic performance/study habit)","Dissatisfied",""
"2024/07/18 11:49:00 AM GMT","Male","24 - 27","Third Year","60 - 69","Off - Campus","1","We weren't friends","Neutral","More than 3 semesters","Never","Easy","Very often","Sometimes","Unsupported","Yes","Does not apply (No changes)","Dissatisfied",""
"2024/07/18 11:52:06 AM GMT","Female","20 - 23","Third Year","50 - 59","On - Campus","3","We weren't friends","Neutral","2 semesters","Rarely","Neutral","Sometimes","Sometimes","Very unsupported","No","Does not apply (No changes)","Satisfied",""
"2024/07/18 12:18:16 PM GMT","Male","20 - 23","Third Year","60 - 69","Off - Campus","2","We were friends","Good","3 semesters","Often","Very easy","Sometimes","Sometimes","Supported","Yes","Positive (improved academic performance/study habit)","Satisfied",""
"2024/07/18 12:23:26 PM GMT","Male","20 - 23","Third Year","70 - 100","On - Campus","3","We weren't friends","Very good","1 semester","Rarely","Easy","Never","Sometimes","Neutral","Yes","Positive (improved academic performance/study habit)","Dissatisfied","We engage in Intellectual conversations that enhance my understanding on current affairs."
"2024/07/18 12:33:58 PM GMT","Male","20 - 23","Third Year","70 - 100","Off - Campus","1","We weren't friends","Good","2 semesters","Never","Very easy","Often","Sometimes","Neutral","No","Does not apply (No changes)","Neutral",""
"2024/07/18 1:21:46 PM GMT","Female","20 - 23","Fourth Year","60 - 69","Off - Campus","2","We were friends","Very good","2 semesters","Rarely","Easy","Sometimes","Rarely","Very supported","Yes","Positive (improved academic performance/study habit)","Very satisfied","They are calm and peaceful "
"2024/07/18 7:17:27 PM GMT","Male","24 - 27","Fourth Year","70 - 100","Off - Campus","2","We were friends","Very good","More than 3 semesters","Never","Very easy","Never","Never","Neutral","No","Does not apply (No changes)","Satisfied",""
"2024/07/19 9:28:57 AM GMT","Female","20 - 23","Third Year","60 - 69","Off - Campus","1","We weren't friends","Very good","More than 3 semesters","Never","Difficult","Never","Sometimes","Unsupported","No","Does not apply (No changes)","Satisfied",""
"2024/07/19 9:47:05 AM GMT","Male","20 - 23","Third Year","60 - 69","Off - Campus","1","We were friends","Very good","More than 3 semesters","Often","Very easy","Never","Rarely","Supported","Yes","Positive (improved academic performance/study habit)","Satisfied",""
"2024/07/19 10:01:14 AM GMT","Male","20 - 23","Third Year","60 - 69","Off - Campus","1","We were friends","Very good","More than 3 semesters","Sometimes","Very easy","Never","Rarely","Supported","No","Does not apply (No changes)","Very satisfied",""
"2024/07/19 10:50:48 AM GMT","Male","24 - 27","Third Year","50 - 59","Off - Campus","2","We weren't friends","Neutral","2 semesters","Often","Difficult","Sometimes","Often","Unsupported","No","Negative(worsen academic performance/study habit)","Satisfied",""
"2024/07/19 12:30:56 PM GMT","Male","20 - 23","Second Year","50 - 59","Off - Campus","1","We weren't friends","Good","2 semesters","Never","Very easy","Never","Rarely","Neutral","No","Does not apply (No changes)","Neutral",""
"2024/07/19 4:13:24 PM GMT","Female","20 - 23","Third Year","60 - 69","Off - Campus","3","We were friends","Good","More than 3 semesters","Sometimes","Neutral","Sometimes","Sometimes","Supported","Yes","Positive (improved academic performance/study habit)","Neutral","No"
"2024/07/19 4:19:11 PM GMT","Female","20 - 23","Third Year","60 - 69","Off - Campus","3","We were friends","Good","More than 3 semesters","Rarely","Neutral","Sometimes","Sometimes","Supported","No","Does not apply (No changes)","Satisfied",""
"2024/07/19 6:40:11 PM GMT","Female","20 - 23","Fourth Year","60 - 69","Off - Campus","3","We weren't friends","Neutral","More than 3 semesters","Rarely","Neutral","Rarely","Rarely","Very unsupported","No","Does not apply (No changes)","Dissatisfied",""
"2024/07/20 4:48:36 AM GMT","Female","20 - 23","First Year","70 - 100","On - Campus","3","We weren't friends","Neutral","2 semesters","Often","Easy","Sometimes","Often","Neutral","No","Does not apply (No changes)","Dissatisfied",""
"2024/07/21 3:30:23 PM GMT","Male","20 - 23","Third Year","60 - 69","On - Campus","2","We weren't friends","Very good","1 semester","Very often","Very easy","Never","Never","Very supported","Yes","Positive (improved academic performance/study habit)","Very satisfied","No"
"2024/07/21 5:39:23 PM GMT","Male","28+","Second Year","60 - 69","Off - Campus",">3","We weren't friends","Very good","2 semesters","Rarely","Easy","Rarely","Often","Neutral","No","Positive (improved academic performance/study habit)","Neutral","That's all"
"2024/07/22 8:40:03 AM GMT","Female","16 - 19","First Year","70 - 100","Off - Campus","3","We weren't friends","Good","1 semester","Rarely","Easy","Sometimes","Rarely","Neutral","Yes","Negative(worsen academic performance/study habit)","Neutral","No"
"2024/07/22 8:56:13 AM GMT","Male","24 - 27","Second Year","60 - 69","On - Campus","3","We weren't friends","Very good","2 semesters","Sometimes","Very easy","Sometimes","Sometimes","Very supported","No","Positive (improved academic performance/study habit)","Very satisfied",""
"2024/07/22 9:01:43 AM GMT","Male","24 - 27","Third Year","70 - 100","On - Campus","3","We weren't friends","Good","More than 3 semesters","Rarely","Easy","Rarely","Rarely","Supported","No","Positive (improved academic performance/study habit)","Satisfied","My college roommate relationship has been quite positive which has improved academic performance "
"2024/07/22 9:05:04 AM GMT","Male","20 - 23","Third Year","60 - 69","On - Campus","2","We were friends","Very good","More than 3 semesters","Rarely","Very easy","Rarely","Rarely","Very supported","Yes","Positive (improved academic performance/study habit)","Very satisfied",""
"2024/07/22 9:07:23 AM GMT","Male","28+","Third Year","60 - 69","Off - Campus","2","We were friends","Very good","More than 3 semesters","Rarely","Neutral","Sometimes","Rarely","Supported","Yes","Positive (improved academic performance/study habit)","Satisfied",""
"2024/07/22 9:08:41 AM GMT","Male","28+","Fourth Year","70 - 100","Off - Campus","2","We were friends","Very good","More than 3 semesters","Rarely","Very easy","Rarely","Rarely","Very supported","Yes","Positive (improved academic performance/study habit)","Very satisfied",""
"2024/07/22 9:09:49 AM GMT","Male","20 - 23","Third Year","60 - 69","Off - Campus","3","We were friends","Very good","More than 3 semesters","Sometimes","Very easy","Rarely","Rarely","Very supported","Yes","Positive (improved academic performance/study habit)","Very satisfied",""
"2024/07/22 9:23:33 AM GMT","Female","24 - 27","Third Year","50 - 59","Off - Campus","3","We were friends","Neutral","More than 3 semesters","Never","Neutral","Rarely","Sometimes","Neutral","No","Does not apply (No changes)","Very dissatisfied",""
"2024/07/22 9:27:44 AM GMT","Female","24 - 27","Third Year","50 - 59","Off - Campus","2","We were friends","Neutral","More than 3 semesters","Never","Neutral","Sometimes","Very often","Very unsupported","No","Does not apply (No changes)","Very dissatisfied",""
"2024/07/22 9:51:50 AM GMT","Male","20 - 23","Third Year","0 - 49","On - Campus",">3","We weren't friends","Very good","2 semesters","Sometimes","Easy","Sometimes","Sometimes","Very supported","Yes","Negative(worsen academic performance/study habit)","Satisfied","Lack of conducive environment "
"2024/07/22 11:07:15 AM GMT","Male","24 - 27","Third Year","50 - 59","On - Campus",">3","We weren't friends","Neutral","2 semesters","Sometimes","Difficult","Very often","Very often","Very unsupported","Yes","Negative(worsen academic performance/study habit)","Very dissatisfied",""
"2024/07/22 11:37:51 AM GMT","Female","20 - 23","Fourth Year","70 - 100","Off - Campus","1","We weren't friends","Good","2 semesters","Rarely","Easy","Sometimes","Sometimes","Supported","Yes","Positive (improved academic performance/study habit)","Very satisfied",""
"2024/07/22 12:19:21 PM GMT","Male","24 - 27","Third Year","60 - 69","Off - Campus","3","We weren't friends","Neutral","1 semester","Sometimes","Neutral","Sometimes","Sometimes","Supported","Yes","Positive (improved academic performance/study habit)","Satisfied","no"
"2024/07/22 12:21:38 PM GMT","Female","20 - 23","Second Year","70 - 100","Off - Campus","1","We weren't friends","Neutral","1 semester","Sometimes","Neutral","Never","Never","Neutral","No","Positive (improved academic performance/study habit)","Satisfied",""
"2024/07/22 12:25:12 PM GMT","Male","20 - 23","Third Year","50 - 59","Off - Campus","3","We were friends","Good","More than 3 semesters","Sometimes","Neutral","Sometimes","Sometimes","Neutral","Yes","Negative(worsen academic performance/study habit)","Very satisfied","No please "
"2024/07/22 12:28:49 PM GMT","Male","20 - 23","Third Year","70 - 100","Off - Campus","2","We were friends","Good","3 semesters","Rarely","Easy","Sometimes","Rarely","Supported","No","Positive (improved academic performance/study habit)","Neutral",""
"2024/07/22 12:35:56 PM GMT","Female","20 - 23","Second Year","70 - 100","Off - Campus","1","We weren't friends","Neutral","1 semester","Sometimes","Neutral","Never","Never","Neutral","No","Positive (improved academic performance/study habit)","Satisfied",""
"2024/07/22 1:28:52 PM GMT","Female","20 - 23","Third Year","70 - 100","On - Campus",">3","We weren't friends","Very good","3 semesters","Sometimes","Neutral","Sometimes","Often","Very supported","Yes","Positive (improved academic performance/study habit)","Satisfied",""
"2024/07/22 1:49:07 PM GMT","Female","20 - 23","Fourth Year","60 - 69","Off - Campus","1","We weren't friends","Very good","More than 3 semesters","Never","Easy","Never","Rarely","Neutral","No","Does not apply (No changes)","Very satisfied","Positive "
"2024/07/22 2:11:43 PM GMT","Female","28+","First Year","50 - 59","On - Campus","3","We weren't friends","Very good","2 semesters","Sometimes","Neutral","Very often","Very often","Supported","Yes","Positive (improved academic performance/study habit)","Very dissatisfied",""
"2024/07/22 5:37:44 PM GMT","Male","20 - 23","Second Year","70 - 100","Off - Campus","3","We weren't friends","Good","2 semesters","Rarely","Easy","Rarely","Rarely","Neutral","Yes","Positive (improved academic performance/study habit)","Neutral",""
"2024/07/22 6:47:14 PM GMT","Female","20 - 23","Third Year","60 - 69","Off - Campus","1","We weren't friends","Neutral","1 semester","Sometimes","Neutral","Rarely","Very often","Unsupported","No","Negative(worsen academic performance/study habit)","Dissatisfied",""
"2024/07/22 6:51:26 PM GMT","Male","20 - 23","Third Year","0 - 49","Off - Campus","1","We were friends","Very good","More than 3 semesters","Sometimes","Easy","Never","Very often","Very supported","Yes","Positive (improved academic performance/study habit)","Very satisfied","Nigga, affected in what way?"
"2024/07/22 6:53:47 PM GMT","Male","20 - 23","Third Year","60 - 69","Off - Campus","2","We were friends","Very good","More than 3 semesters","Often","Easy","Rarely","Sometimes","Neutral","Yes","Positive (improved academic performance/study habit)","Neutral",""
"2024/07/22 6:54:46 PM GMT","Male","20 - 23","Third Year","60 - 69","Off - Campus","1","We were friends","Very good","More than 3 semesters","Very often","Very easy","Never","Very often","Supported","Yes","Negative(worsen academic performance/study habit)","Very satisfied","No"
"2024/07/22 6:59:45 PM GMT","Female","16 - 19","First Year","60 - 69","Off - Campus","1","We were friends","Neutral","1 semester","Rarely","Neutral","Never","Never","Very unsupported","No","Does not apply (No changes)","Very satisfied",""
"2024/07/22 7:03:55 PM GMT","Male","24 - 27","Fourth Year","60 - 69","Off - Campus","2","We were friends","Very good","More than 3 semesters","Never","Very easy","Never","Never","Very supported","Yes","Positive (improved academic performance/study habit)","Very satisfied",""
"2024/07/22 7:05:46 PM GMT","Male","20 - 23","Second Year","60 - 69","Off - Campus","1","We were friends","Very good","2 semesters","Rarely","Easy","Sometimes","Never","Very supported","Yes","Positive (improved academic performance/study habit)","Satisfied","He is very good to me "
"2024/07/22 7:30:28 PM GMT","Female","20 - 23","Second Year","60 - 69","Off - Campus","3","We weren't friends","Good","3 semesters","Rarely","Neutral","Sometimes","Sometimes","Very supported","Yes","Positive (improved academic performance/study habit)","Satisfied",""
"2024/07/22 7:45:35 PM GMT","Male","20 - 23","Third Year","60 - 69","Off - Campus","2","We were friends","Very good","More than 3 semesters","Rarely","Very easy","Never","Rarely","Neutral","Yes","Positive (improved academic performance/study habit)","Satisfied",""
"2024/07/22 9:26:27 PM GMT","Male","20 - 23","Third Year","60 - 69","Off - Campus","1","We weren't friends","Good","1 semester","Sometimes","Easy","Very often","Rarely","Supported","No","Does not apply (No changes)","Very satisfied",""
"2024/07/23 12:13:48 PM GMT","Male","16 - 19","First Year","50 - 59","Off - Campus","1","We were friends","Neutral","2 semesters","Rarely","Easy","Rarely","Rarely","Supported","Yes","Positive (improved academic performance/study habit)","Satisfied","She's very supportive "
"2024/07/23 1:24:28 PM GMT","Female","24 - 27","Fourth Year","0 - 49","On - Campus",">3","We weren't friends","Good","1 semester","Sometimes","Easy","Sometimes","Sometimes","Very supported","Yes","Positive (improved academic performance/study habit)","Very satisfied","Not that much "
"2024/07/23 1:46:40 PM GMT","Male","20 - 23","Third Year","50 - 59","Off - Campus","1","We were friends","Good","More than 3 semesters","Never","Very easy","Never","Rarely","Neutral","No","Does not apply (No changes)","Satisfied",""
"2024/07/23 4:39:40 PM GMT","Male","20 - 23","Fifth Year","70 - 100","Off - Campus","1","We were friends","Very good","More than 3 semesters","Rarely","Very easy","Never","Rarely","Neutral","No","Does not apply (No changes)","Satisfied",""
"2024/07/23 5:32:01 PM GMT","Male","20 - 23","Third Year","70 - 100","Off - Campus","2","We weren't friends","Good","3 semesters","Sometimes","Easy","Sometimes","Sometimes","Neutral","Yes","Does not apply (No changes)","Satisfied",""
"2024/07/23 5:34:43 PM GMT","Male","20 - 23","Third Year","60 - 69","On - Campus","3","We weren't friends","Good","2 semesters","Often","Neutral","Rarely","Often","Unsupported","No","Negative(worsen academic performance/study habit)","Dissatisfied",""
"2024/07/25 10:52:35 AM GMT","Female","20 - 23","Third Year","50 - 59","Off - Campus","2","We were friends","Very good","More than 3 semesters","Rarely","Very easy","Never","Never","Very supported","Yes","Positive (improved academic performance/study habit)","Very satisfied",""
"2024/07/25 12:45:44 PM GMT","Male","20 - 23","Third Year","60 - 69","On - Campus","3","We weren't friends","Very good","3 semesters","Very often","Very difficult","Very often","Sometimes","Neutral","Yes","Positive (improved academic performance/study habit)","Neutral",""
"2024/07/28 7:09:12 AM GMT","Male","20 - 23","Second Year","60 - 69","Off - Campus","3","We weren't friends","Good","3 semesters","Rarely","Neutral","Sometimes","Sometimes","Neutral","Yes","Positive (improved academic performance/study habit)","Neutral","You sometime Get teased when you learn more than them "
"2024/08/10 5:12:14 PM GMT","Female","16 - 19","First Year","50 - 59","On - Campus",">3","We weren't friends","Good","2 semesters","Rarely","Very easy","Sometimes","Rarely","Neutral","Yes","Positive (improved academic performance/study habit)","Neutral","Nothing "